{
  "node_locations": [
    [
      186.48749,
      -238.98643,
      0
    ],
    [
      190.48749,
      -238.98643,
      0
    ],
    [
      194.48749,
      -238.98643,
      0
    ],
    [
      198.48749,
      -238.98643,
      0
    ],
    [
      202.48749,
      -238.98643,
      0
    ],
    [
      206.48749,
      -238.98643,
      0
    ],
    [
      210.48749,
      -238.98643,
      0
    ],
    [
      214.48749,
      -238.98643,
      0
    ],
    [
      218.48749,
      -238.98643,
      0
    ],
    [
      222.48749,
      -238.98643,
      0
    ],
    [
      226.48749,
      -238.98643,
      0
    ],
    [
      230.48749,
      -238.98643,
      0
    ],
    [
      234.48749,
      -238.98643,
      0
    ],
    [
      238.48749,
      -238.98643,
      0
    ],
    [
      242.48749,
      -238.98643,
      0
    ],
    [
      246.48749,
      -238.98643,
      0
    ],
    [
      250.48749,
      -238.98643,
      0
    ],
    [
      254.48749,
      -238.98643,
      0
    ],
    [
      254.97656,
      -238.98643,
      0
    ]
  ],
  "graph": {
    "0": {
      "edges": [
        1
      ]
    },
    "1": {
      "edges": [
        0,
        2
      ]
    },
    "2": {
      "edges": [
        1,
        3
      ]
    },
    "3": {
      "edges": [
        2,
        4
      ]
    },
    "4": {
      "edges": [
        3,
        5
      ]
    },
    "5": {
      "edges": [
        4,
        6
      ]
    },
    "6": {
      "edges": [
        5,
        7
      ]
    },
    "7": {
      "edges": [
        6,
        8
      ]
    },
    "8": {
      "edges": [
        7,
        9
      ]
    },
    "9": {
      "edges": [
        8,
        10
      ]
    },
    "10": {
      "edges": [
        9,
        11
      ]
    },
    "11": {
      "edges": [
        10,
        12
      ]
    },
    "12": {
      "edges": [
        11,
        13
      ]
    },
    "13": {
      "edges": [
        12,
        14
      ]
    },
    "14": {
      "edges": [
        13,
        15
      ]
    },
    "15": {
      "edges": [
        14,
        16
      ]
    },
    "16": {
      "edges": [
        15,
        17
      ]
    },
    "17": {
      "edges": [
        16,
        18
      ]
    },
    "18": {
      "edges": [
        17
      ]
    }
  }
}